FLOPs,Method,0.0,0.1,0.5,0.9,1.0
3%,L1,0.0782196051288953,0.0,0.0,0.2738891974215965,0.2713046571828467
3%,L2,0.0823318405993402,0.275452100487144,0.2379115955068554,0.2601522949812094,0.2514601757359191
25%,L1,0.3274178715358607,0.3124494579147192,0.3239004715309276,0.3340635526346783,0.3345615618240485
25%,L2,0.290359987680865,0.3267275070841287,0.3247346978667805,0.3357630413584502,0.3133414135566851
50%,L1,0.3276694825822722,0.332844051203331,0.3296893127960566,0.3509798666668376,0.3381665901964313
50%,L2,0.3343917130306415,0.3280010518473068,0.3334708132631555,0.3332494732538759,0.342546806065561
75%,L1,0.3368326361485328,0.3330810838895057,0.343537846659307,0.3396357881276565,0.3469461411774516
75%,L2,0.3205190009463942,0.3401482248323708,0.3344972165357767,0.3443254644773917,0.3361587982832618
