FLOPs,Method,0.0,0.1,0.5,0.9,1.0
3%,L1,0.1450903039729917,0.0,0.0,0.4300047413479279,0.4268129683156286
3%,L2,0.1521378887897247,0.4319285693001537,0.3843757443914143,0.4128902451192832,0.4018668442054871
25%,L1,0.4933154488225005,0.4761317946843507,0.4893124196207539,0.5008210470557076,0.5013804853884408
25%,L2,0.450044933898985,0.4925314434796152,0.4902637462273776,0.5027284495264736,0.477166729568238
50%,L1,0.4936009856082045,0.499449355538376,0.4958892421309898,0.519593038100237,0.5054177748478855
50%,L2,0.5011897327677167,0.4939770964654632,0.5001546489752022,0.4999056514765543,0.5102940240413983
75%,L1,0.5039264108915845,0.4997161656779064,0.5113928833690996,0.5070569047761092,0.5151596349266999
75%,L2,0.4854439818233338,0.507627766137462,0.5013082266354942,0.5122650333953894,0.5031719264434273
