FLOPs,Method,0.0,0.5,1.0
3%,L1,0.9200920173456704,0.9031347036221444,0.9156827363426752
3%,L2,0.8933534184193835,0.9208922891568216,0.8894764265716879
25%,L1,0.9402658814924932,0.9419867034544274,0.9449399669527478
25%,L2,0.9434670837556236,0.9434296484118302,0.9430682469314514
50%,L1,0.9414341235393424,0.9418501260672788,0.9438469420835288
50%,L2,0.938107389522296,0.9438116791628473,0.940653090621794
75%,L1,0.942859781929589,0.9438921067576412,0.9456449882821624
75%,L2,0.9431807814154968,0.945884522040931,0.9476389045866458
