FLOPs,Method,0.0,0.5,1.0
3%,L1,0.8993344523688029,0.9017999114706868,0.8714661006577733
3%,L2,0.6068868348289962,0.8796302256723371,0.8854232398810061
25%,L1,0.9417919416338114,0.9390957133202338,0.9313036628813324
25%,L2,0.9397084120980764,0.939290607256384,0.9403081634204724
50%,L1,0.9434753624916036,0.944339349602669,0.9402581821755028
50%,L2,0.9412646634805072,0.9376567567669818,0.940686445809937
75%,L1,0.9447892832836804,0.9431635747825988,0.9439712590575922
75%,L2,0.94320370977889,0.9435065602152156,0.9434859816596513
