FLOPs,Method,0.0,0.1,0.5,0.9,1.0
3%,L1,0.8993344523688029,0.9060242361484184,0.9017999114706868,0.9010258435295698,0.8714661006577733
3%,L2,0.6068868348289962,0.0,0.8796302256723371,0.8586495090929716,0.8854232398810061
25%,L1,0.9417919416338114,0.9401658961552244,0.9390957133202338,0.9352510180686576,0.9313036628813324
25%,L2,0.9397084120980764,0.942156826481408,0.939290607256384,0.9386393874189192,0.9403081634204724
50%,L1,0.9434753624916036,0.9428653051301396,0.944339349602669,0.9432066716456624,0.9402581821755028
50%,L2,0.9412646634805072,0.9433708220881258,0.9376567567669818,0.9425469680061248,0.940686445809937
75%,L1,0.9447892832836804,0.9439092024962674,0.9431635747825988,0.942896866893866,0.9439712590575922
75%,L2,0.94320370977889,0.9451832207587476,0.9435065602152156,0.941857990460614,0.9434859816596513
