FLOPs,Method,0.0,0.1,0.5,0.9,1.0
3%,L1,0.8170824046453622,0.8281940661633684,0.8211617544835192,0.8198790100973713,0.7722108313854931
3%,L2,0.4356335508138717,0.0,0.7851249166376394,0.7523101062589502,0.7944031057910061
25%,L1,0.8899874974377754,0.8870877930277681,0.8851842009793855,0.8783770014714741,0.8714389958444487
25%,L2,0.8862735711763463,0.890639416188329,0.885530583289008,0.8843736768564259,0.887341141039265
50%,L1,0.8929989221232012,0.8919064994326121,0.8945482141891311,0.8925176251012535,0.8872521272263487
50%,L2,0.8890462337592686,0.8928116332661085,0.8826306965660371,0.8913369572820745,0.8880151132675475
75%,L1,0.895356034881586,0.8937765623252969,0.8924404498913643,0.8919629857905251,0.8938878483697188
75%,L2,0.892512320971099,0.8960638846100211,0.8930548214359146,0.8901054697474957,0.8930179489163329
