FLOPs,Method,0.0,0.5,1.0
3%,L1,0.8170824046453622,0.8211617544835192,0.7722108313854931
3%,L2,0.4356335508138717,0.7851249166376394,0.7944031057910061
25%,L1,0.8899874974377754,0.8851842009793855,0.8714389958444487
25%,L2,0.8862735711763463,0.885530583289008,0.887341141039265
50%,L1,0.8929989221232012,0.8945482141891311,0.8872521272263487
50%,L2,0.8890462337592686,0.8826306965660371,0.8880151132675475
75%,L1,0.895356034881586,0.8924404498913643,0.8938878483697188
75%,L2,0.892512320971099,0.8930548214359146,0.8930179489163329
