FLOPs,Method,0.0,0.5,1.0
3%,L1,0.401363639693702,0.3822780491829231,0.4453098873259637
3%,L2,0.0,0.4072327780825241,0.4595652778154946
25%,L1,0.517083399086065,0.5147791024493843,0.5296992121123972
25%,L2,0.0,0.5002842075346576,0.5207248613157143
50%,L1,0.5093786408376767,0.5277279181686223,0.5301572679795856
50%,L2,0.0,0.5168924922814327,0.5249518374977739
75%,L1,0.5092236241076689,0.5233156182722151,0.5090233687838768
75%,L2,0.0,0.5186654517417818,0.5263161106963173
