FLOPs,Method,0.0,0.5,1.0
3%,L1,0.2510662522506375,0.2363063992485498,0.2864299989404573
3%,L2,0.0,0.2556762673658433,0.2983347954944697
25%,L1,0.3486935130184542,0.3466010364507685,0.3602658833322275
25%,L2,0.0,0.3335860101281282,0.35201352858459
50%,L1,0.3417223547124867,0.3584445597257912,0.3606897911117625
50%,L2,0.0,0.3485199080925411,0.3558879301996904
75%,L1,0.3415828371997536,0.3543855577722796,0.3414026471821285
75%,L2,0.0,0.3501339061805036,0.3571431529627446
