FLOPs,Method,0.0,0.1,0.5,0.9,1.0
3%,L1,0.9200920173456704,0.8910454669664294,0.9031347036221444,0.8888730209194072,0.9156827363426752
3%,L2,0.8933534184193835,0.8865657474633029,0.9208922891568216,0.8958071744380299,0.8894764265716879
25%,L1,0.9402658814924932,0.9441544528287952,0.9419867034544274,0.9443355448828776,0.9449399669527478
25%,L2,0.9434670837556236,0.9413944383032906,0.9434296484118302,0.9458056332269748,0.9430682469314514
50%,L1,0.9414341235393424,0.9455872230860726,0.9418501260672788,0.9453699272463626,0.9438469420835288
50%,L2,0.938107389522296,0.9450881362646067,0.9438116791628473,0.9452135625081558,0.940653090621794
75%,L1,0.942859781929589,0.9467636808845546,0.9438921067576412,0.9462427052803524,0.9456449882821624
75%,L2,0.9431807814154968,0.9428289429058804,0.945884522040931,0.9458223376094858,0.9476389045866458
